beacon;city;faaId;iata;rwy_num;mag_dec;wmoId;site;runways;name;lat;lid;country;icao;priority;passengers;rwy_len;lon;type;source;state;tz;use;subd;prior;ind;city_icao;country_code;traffic;information;elevation_aerodrome;TOWER_COMMUNICATION;AERODROME_SERVICES;AERODROME_CTR;freqs.RADIO;freqs.ATIS;freqs.DELIVERY/GROUND;freqs.TOWER;freqs.APPROACH;freqs.SAR;freqs.TELEPHONE;freqs.FIC_NAME;freqs.FIC_FREQUENCY;freqs.FIC_NAME_2;freqs.FIC_FREQUENCY_2;url.aviationweather.airport;url.wikipedia;url.website;url.geo;url.wikipedia.aerodrome.image;url.custom_url;metar_station;url.pilot_info;keywords;facility_type;freqs.FIS_NAME;freqs.FIS_FREQUENCY
;Ameland;;;;;;;[{'id': '08/26', 'dimension': '2920x82', 'surface': {'type': 'soft', 'surface': 'grass', 'condition': '', 'lighted': False}, 'alignment': None, 'number': ['08', '26'], 'length': 2624, 'width': 82, 'TORA': None, 'TODA': None, 'ASDA': '2624', 'LDA': None, '08': {'latlon': [53.4516983032, 5.6772198677], 'elevation': 11.0, 'heading': '08', 'displaced threshold': None}, '26': {'latlon': [53.4516983032, 5.6772198677], 'elevation': 11.0, 'heading': '26', 'displaced threshold': None}, 'slope': 0, 'properties': None, 'dimension2': ['2920 x 82 feet', '890 x 25 meters']}];Ameland Airport;53.4516983032;;Netherlands;EHAL;;;;5.6772198677;;;;Europe/Amsterdam;public;Friesland;;;Ameland (EHAL);NL;;;11.0;False;False;False;;;;;;;;AMSTERDAM INFORMATION;['124.300', '128.500'];DUTCH MILL INFO;['132.350'];;https://en.wikipedia.org/wiki/Ameland_Airport;http://www.ehal.nl/;https://geohack.toolforge.org/geohack.php?pagename=Ameland_Airport&params=53_27_06_N_005_40_38_E_region:NL_type:airport;https://upload.wikimedia.org/wikipedia/commons/8/8f/Ameland_airport.jpg;;False;;;;['132.350'];['Dutch MIL Info']
B;Amsterdam;;AMS;6.0;2E;6240.0;Amsterdam/Schiphol Arpt;[{'id': '18R/36L', 'dimension': '12468x197', 'surface': {'type': 'hard', 'surface': 'asphalt', 'condition': 'Threshold of Runway 18R displaced 886 ft (270 m)', 'lighted': True}, 'alignment': None, 'number': ['18R', '36L'], 'length': 12468, 'width': '197', 'TORA': None, 'TODA': None, 'ASDA': '12468', 'LDA': None, '18R': {'latlon': [52.367222222222225, 4.719444444444445], 'elevation': '-13', 'heading': '182', 'displaced threshold': '886 Feet'}, '36L': {'latlon': [52.33638888888889, 4.714722222222222], 'elevation': '-12', 'heading': '002', 'displaced threshold': ''}, 'dimension2': ['12467 x 197 feet', '3800 x 60 meters'], 'slope': 0, 'properties': None}, {'id': '06/24', 'dimension': '11483x148', 'surface': {'type': 'hard', 'surface': 'asphalt', 'condition': 'Threshold of Runway 06 displaced 820 ft (250 m)', 'lighted': True}, 'alignment': None, 'number': ['06', '24'], 'length': 11483, 'width': '148', 'TORA': None, 'TODA': None, 'ASDA': '11483', 'LDA': None, '06': {'latlon': [52.293055555555554, 4.739722222222222], 'elevation': '-11', 'heading': '057', 'displaced threshold': '801 Feet'}, '24': {'latlon': [52.30722222222222, 4.783888888888889], 'elevation': '-12', 'heading': '237', 'displaced threshold': ''}, 'dimension2': ['11283 x 148 feet', '3439 x 45 meters'], 'slope': 0, 'properties': None}, {'id': '09/27', 'dimension': '11329x148', 'surface': {'type': 'hard', 'surface': 'asphalt', 'condition': 'Threshold of Runway 09 displaced 294 ft (90 m)', 'lighted': True}, 'alignment': None, 'number': ['09', '27'], 'length': 11329, 'width': '148', 'TORA': None, 'TODA': None, 'ASDA': '11329', 'LDA': None, '09': {'latlon': [52.31666666666667, 4.7572222222222225], 'elevation': '-12', 'heading': '086', 'displaced threshold': '295 Feet'}, '27': {'latlon': [52.31944444444445, 4.805833333333333], 'elevation': '-12', 'heading': '266', 'displaced threshold': ''}, 'dimension2': ['11329 x 148 feet', '3453 x 45 meters'], 'slope': 0, 'properties': None}, {'id': '18L/36R', 'dimension': '11155x148', 'surface': {'type': 'hard', 'surface': 'asphalt', 'condition': 'Threshold of Runway 18L displaced 1,887 ft (575 m)', 'lighted': True}, 'alignment': None, 'number': ['18L', '36R'], 'length': 11155, 'width': '148', 'TORA': None, 'TODA': None, 'ASDA': '11155', 'LDA': None, '18L': {'latlon': [52.32694444444444, 4.788333333333333], 'elevation': '-12', 'heading': '182', 'displaced threshold': '1886 Feet'}, '36R': {'latlon': [52.295833333333334, 4.7844444444444445], 'elevation': '-11', 'heading': '002', 'displaced threshold': ''}, 'dimension2': ['11155 x 148 feet', '3400 x 45 meters'], 'slope': 0, 'properties': None}, {'id': '18C/36C', 'dimension': '10827x148', 'surface': {'type': 'hard', 'surface': 'asphalt', 'condition': 'Threshold of Runway 36C displaced 1,476 ft (450 m)', 'lighted': True}, 'alignment': None, 'number': ['18C', '36C'], 'length': 10827, 'width': '148', 'TORA': None, 'TODA': None, 'ASDA': '10827', 'LDA': None, '18C': {'latlon': [52.34111111111111, 4.7444444444444445], 'elevation': '-12', 'heading': '182', 'displaced threshold': ''}, '36C': {'latlon': [52.30972222222222, 4.740555555555556], 'elevation': '-12', 'heading': '002', 'displaced threshold': '1476 Feet'}, 'dimension2': ['10827 x 148 feet', '3300 x 45 meters'], 'slope': 0, 'properties': None}, {'id': '04/22', 'dimension': '6608x148', 'surface': {'type': 'hard', 'surface': 'asphalt', 'condition': '', 'lighted': True}, 'alignment': None, 'number': ['04', '22'], 'length': 6608, 'width': '148', 'TORA': None, 'TODA': None, 'ASDA': '6608', 'LDA': None, '04': {'latlon': [52.300555555555555, 4.783611111111111], 'elevation': '-13', 'heading': '040', 'displaced threshold': None}, '22': {'latlon': [52.32333333333333, 4.805], 'elevation': '-14', 'heading': '220', 'displaced threshold': None}, 'dimension2': ['6627 x 148 feet', '2020 x 45 meters'], 'slope': 0, 'properties': None}];Amsterdam Schiphol Airport;52.3083;;Netherlands;EHAM;1.0;52.0;L;4.7567;ARP;Intl;NH;Europe/Amsterdam;public;North Holland;0.0;7.0;Amsterdam (EHAM);NL;;;-11.0;True;True;True;;['122.200'];['121.560'];['118.105'];['119.055'];;;AMSTERDAM INFORMATION;['124.300', '128.500'];DUTCH MILL INFO;['132.350'];https://aviationweather.gov/api/data/airport?ids=EHAM&format=json;https://en.wikipedia.org/wiki/Amsterdam_Airport_Schiphol;https://www.schiphol.nl/;;;;True;;;;['124.300'];['Amsterdam Information']
;Weert;;;;;;;[{'id': '03/21', 'dimension': '3934x75', 'surface': {'type': 'hard', 'surface': 'asphalt', 'condition': 'Threshold of Runway 03 displaced 164 ft (50 m)', 'lighted': True}, 'alignment': None, 'number': ['03', '21'], 'length': 3934, 'width': 75, 'TORA': None, 'TODA': None, 'ASDA': '3934', 'LDA': None, '03': {'latlon': [51.253055555555555, 5.607777777777778], 'elevation': '115', 'heading': '028', 'displaced threshold': '164 Feet'}, '21': {'latlon': [51.26611111111111, 5.608888888888888], 'elevation': '111', 'heading': '208', 'displaced threshold': '443 Feet'}, 'dimension2': ['3934 x 75 feet', '1199 x 23 meters'], 'slope': 0, 'properties': 'Concrete/Asphalt'}, {'id': '03G/21G', 'dimension': '1969x99', 'surface': {'type': 'soft', 'surface': 'grass', 'condition': '', 'lighted': False}, 'alignment': None, 'number': ['03G', '21G'], 'length': 1969, 'width': 99, 'TORA': None, 'TODA': None, 'ASDA': '', 'LDA': None, '': {'latlon': [None, None], 'elevation': None, 'heading': '', 'displaced threshold': None}, 'dimension2': ['1969 x 99 feet', '600 x 30 meters'], 'slope': None, 'properties': None}];Budel Airport;51.2552986145;;Netherlands;EHBD;;;;5.601389885;;;;Europe/Amsterdam;public;North Brabant;;;Weert (EHBD);NL;;;114.0;False;False;False;;;;;;;;AMSTERDAM INFORMATION;['124.300', '128.500'];DUTCH MILL INFO;['132.350'];;https://en.wikipedia.org/wiki/Kempen_Airport;[];https://geohack.toolforge.org/geohack.php?pagename=Kempen_Airport&params=51_15_16_N_005_36_03_E_type:airport_region:NL;;;False;;;;['132.350'];['Dutch MIL Info']
;Maastricht;;MST;1.0;;6380.0;Maastricht/Aachen Arpt;[{'id': '03/21', 'dimension': '9022x148', 'surface': {'type': 'hard', 'surface': 'asphalt', 'condition': 'Threshold of Runway 03 displaced 820 ft (250 m)', 'lighted': True}, 'alignment': '031', 'number': ['03', '21'], 'length': 9022, 'width': '148', 'TORA': None, 'TODA': None, 'ASDA': '9022', 'LDA': None, '03': {'latlon': [50.903055555555554, 5.766666666666667], 'elevation': '365', 'heading': '031', 'displaced threshold': '820 Feet'}, '21': {'latlon': [50.92027777777778, 5.7844444444444445], 'elevation': '371', 'heading': '211', 'displaced threshold': '820 Feet'}, 'dimension2': ['9022 x 148 feet', '2750 x 45 meters'], 'slope': 0, 'properties': None}];Maastricht/Aachen Airport;50.9113;;Netherlands;EHBK;4.0;0.0;L;5.7696;ARP;Intl;LI;Europe/Amsterdam;public;Limburg;0.0;736.0;Maastricht (EHBK);NL;;;375.0;True;True;True;;['124.580'];['121.830'];['119.480'];['120.205'];;;AMSTERDAM INFORMATION;['124.300', '128.500'];DUTCH MILL INFO;['132.350'];https://aviationweather.gov/api/data/airport?ids=EHBK&format=json;https://en.wikipedia.org/wiki/Maastricht_Aachen_Airport;https://www.maa.nl/en/;https://geohack.toolforge.org/geohack.php?pagename=Maastricht_Aachen_Airport&params=50_54_57_N_005_46_37_E_region:NL_type:airport;https://upload.wikimedia.org/wikipedia/commons/c/ce/Passagiersterminal.jpg;;True;;;;['132.350'];['Dutch MIL Info']
;Arnhem;;;1.0;;6275.0;Deelen(AB);[{'id': '01/19', 'dimension': '3431x164', 'surface': {'type': 'hard', 'surface': 'asphalt', 'condition': None}, 'alignment': None, 'number': ['01', '19'], 'length': 3431, 'width': '164', 'TORA': None, 'TODA': None, 'ASDA': '3431', 'LDA': None, '01': {'latlon': [52.0725, 5.878611111111112], 'elevation': '151', 'heading': '015', 'displaced threshold': ''}, '19': {'latlon': [52.07222222222222, 5.883888888888889], 'elevation': '158', 'heading': '195', 'displaced threshold': '895 Feet'}, 'dimension2': ['3431 x 164 feet', '1046 x 50 meters'], 'slope': 0, 'properties': None}, {'id': '02/20', 'dimension': '9678x164', 'surface': {'type': None, 'surface': None, 'condition': 'Threshold of Runway 02 displaced 895 ft (273 m)', 'lighted': True}, 'alignment': None, 'number': ['02', '20'], 'length': 9678, 'width': 164, 'TORA': None, 'TODA': None, 'ASDA': '', 'LDA': None, '': {'latlon': [None, None], 'elevation': None, 'heading': '', 'displaced threshold': None}, 'dimension2': ['9678 x 164 feet', '2950 x 50 meters'], 'slope': None, 'properties': None}];Deelen(Ab);52.0632;;Netherlands;EHDL;3.0;0.0;M;5.8788;ARP;Intl;GE;Europe/Amsterdam;military;Gelderland;0.0;737.0;Arnhem (EHDL);NL;;;158.0;True;True;True;;['133.555'];;['118.705'];['120.305'];;;AMSTERDAM INFORMATION;['124.300', '128.500'];DUTCH MILL INFO;['132.350'];https://aviationweather.gov/api/data/airport?ids=EHDL&format=json;https://en.wikipedia.org/wiki/Deelen_Air_Base;;;;;True;;;;[];[]
;Venray;;;;;;;[{'id': '06/24', 'dimension': '', 'surface': {'type': 'hard', 'surface': 'asphalt', 'condition': None}, 'alignment': None, 'number': ['06', '24'], 'length': 2988, 'width': '', 'TORA': None, 'TODA': None, 'ASDA': '2988', 'LDA': None, '06': {'latlon': [51.5172996521, 5.8557200432], 'elevation': 98.0, 'heading': '06', 'displaced threshold': None}, '24': {'latlon': [51.5172996521, 5.8557200432], 'elevation': 98.0, 'heading': '24', 'displaced threshold': None}, 'slope': 0, 'properties': 'Concrete/asphalt'}];De Peel Air Base;51.5172996521;;Netherlands;EHDP;;;;5.8557200432;;;;Europe/Amsterdam;public;North Brabant;;;Venray (EHDP);NL;;;98.0;False;False;False;;;;;;;;AMSTERDAM INFORMATION;['124.300', '128.500'];DUTCH MILL INFO;['132.350'];;https://en.wikipedia.org/wiki/Lieutenant_General_Best_Barracks;[];https://geohack.toolforge.org/geohack.php?pagename=Lieutenant_General_Best_Barracks&params=51_31_34_N_005_51_34_E_type:airport;;;False;;;;;
;Drachten;;;;;;;[{'id': '07/25', 'dimension': '2395x79', 'surface': {'type': 'hard', 'surface': 'asphalt', 'condition': 'Threshold of Runway 25 displaced 394 ft (120 m)', 'lighted': False}, 'alignment': None, 'number': ['07', '25'], 'length': 3117, 'width': 79, 'TORA': None, 'TODA': None, 'ASDA': '3117', 'LDA': None, '07': {'latlon': [53.1192016602, 6.129720211], 'elevation': 14.0, 'heading': '07', 'displaced threshold': None}, '25': {'latlon': [53.1192016602, 6.129720211], 'elevation': 14.0, 'heading': '25', 'displaced threshold': None}, 'slope': 0, 'properties': 'Asphalt/Concrete', 'dimension2': ['2395 x 79 feet', '730 x 24 meters']}];Drachten Airport;53.1192016602;;Netherlands;EHDR;;;;6.129720211;;;;Europe/Amsterdam;public;Friesland;;;Drachten (EHDR);NL;;;14.0;False;False;False;['119.655'];;;;;;;AMSTERDAM INFORMATION;['124.300', '128.500'];DUTCH MILL INFO;['132.350'];;https://en.wikipedia.org/wiki/Drachten_Airfield;[];https://geohack.toolforge.org/geohack.php?pagename=Drachten_Airfield&params=53_07_05_N_006_07_45_E_type:airport_region:NL;https://upload.wikimedia.org/wikipedia/commons/f/fb/Vliegveld_Drachten_2010.jpg;;False;;;;['132.350'];['Dutch MIL Info']
;Lemelerveld;;;;;;;[{'id': '', 'dimension': '', 'surface': {'type': None, 'surface': None, 'condition': None}, 'alignment': None, 'number': [''], 'length': None, 'width': '', 'TORA': None, 'TODA': None, 'ASDA': '', 'LDA': None, '': {'latlon': [52.4683333333, 6.3333333333], 'elevation': 10.0, 'heading': '', 'displaced threshold': None}, 'dimension2': None, 'slope': None, 'properties': None}];Aero Club Salland;52.4683333333;;Netherlands;EHDS;;;;6.3333333333;;;;Europe/Amsterdam;;Overijssel;;;Lemelerveld (EHDS);NL;;;10.0;False;False;False;;;;;;;;AMSTERDAM INFORMATION;['124.300', '128.500'];DUTCH MILL INFO;['132.350'];;;;;;;False;;;;;
B;Eindhoven;;EIN;1.0;;6370.0;Eindhoven Arpt;[{'id': '03/21', 'dimension': '9843x148', 'surface': {'type': 'hard', 'surface': 'asphalt', 'condition': 'Threshold of Runway 03 displaced 821 ft (250 m)', 'lighted': True}, 'alignment': None, 'number': ['03', '21'], 'length': 9843, 'width': '148', 'TORA': None, 'TODA': None, 'ASDA': '9843', 'LDA': None, '03': {'latlon': [51.44583333333333, 5.373611111111111], 'elevation': '73', 'heading': '033', 'displaced threshold': '797 Feet'}, '21': {'latlon': [51.46555555555556, 5.385833333333334], 'elevation': '67', 'heading': '213', 'displaced threshold': '797 Feet'}, 'dimension2': ['9843 x 148 feet', '3000 x 45 meters'], 'slope': 0, 'properties': None}];Eindhoven Airport;51.45;;Netherlands;EHEH;5.0;6.0;L;5.3745;ARP;Intl;NB;Europe/Amsterdam;military;North Brabant;0.0;198.0;Eindhoven (EHEH);NL;;military/ public;74.0;True;True;True;;['126.030'];['121.930'];['131.005'];['123.180'];;;AMSTERDAM INFORMATION;['124.300', '132.355', '341.600', '128.500'];DUTCH MILL INFO;['132.350'];https://aviationweather.gov/api/data/airport?ids=EHEH&format=json;https://en.wikipedia.org/wiki/Eindhoven_Airport;http://www.eindhovenairport.nl/;;;;True;;;;['132.350'];['Dutch MIL Info']
;Groningen;;GRQ;1.0;;6280.0;Groningen Arpt;[{'id': '05/23', 'dimension': '8202x148', 'surface': {'type': 'hard', 'surface': 'asphalt', 'condition': '', 'lighted': True}, 'alignment': None, 'number': ['05', '23'], 'length': 8202, 'width': '148', 'TORA': None, 'TODA': None, 'ASDA': '8202', 'LDA': None, '05': {'latlon': [53.11833333333333, 6.5680555555555555], 'elevation': '13', 'heading': '050', 'displaced threshold': None}, '23': {'latlon': [53.13055555555555, 6.595], 'elevation': '13', 'heading': '230', 'displaced threshold': None}, 'dimension2': ['8202 x 148 feet', '2500 x 45 meters'], 'slope': 0, 'properties': None}, {'id': '01/19', 'dimension': '4922x148', 'surface': {'type': 'hard', 'surface': 'asphalt', 'condition': '', 'lighted': True}, 'alignment': None, 'number': ['01', '19'], 'length': 4922, 'width': 148, 'TORA': None, 'TODA': None, 'ASDA': '', 'LDA': None, '': {'latlon': [None, None], 'elevation': None, 'heading': '', 'displaced threshold': None}, 'dimension2': ['4922 x 148 feet', '1500 x 45 meters'], 'slope': None, 'properties': None}];Groningen Airport;53.1225;;Netherlands;EHGG;3.0;0.0;L;6.5814;ARP;Intl;DR;Europe/Amsterdam;public;Drenthe;0.0;738.0;Groningen (EHGG);NL;;;17.0;True;True;True;;['133.555'];['121.705'];['118.705'];['120.305'];;;AMSTERDAM INFORMATION;['124.300', '128.500'];DUTCH MILL INFO;['132.350'];https://aviationweather.gov/api/data/airport?ids=EHGG&format=json;https://en.wikipedia.org/wiki/Groningen_Airport_Eelde;http://www.groningenairport.nl/en/travel-information/home-journey/;https://geohack.toolforge.org/geohack.php?pagename=Groningen_Airport_Eelde&params=53_07_30_N_06_35_00_E_region:NL_type:airport;https://upload.wikimedia.org/wikipedia/commons/a/a1/Luchtfoto_Groningen_Airport.jpg;;True;;;;[];[]
;Breda;;GLZ;2.0;;6350.0;Gilze-Rijen(AB);[{'id': '10/28', 'dimension': '9080x148', 'surface': {'type': 'hard', 'surface': 'asphalt', 'condition': 'Threshold of Runway 10 displaced 427 ft (130 m)', 'lighted': True}, 'alignment': None, 'number': ['10', '28'], 'length': 9080, 'width': '148', 'TORA': None, 'TODA': None, 'ASDA': '9080', 'LDA': None, '10': {'latlon': [51.571111111111115, 4.922777777777778], 'elevation': '41', 'heading': '099', 'displaced threshold': '687 Feet'}, '28': {'latlon': [51.57555555555555, 4.95], 'elevation': '35', 'heading': '279', 'displaced threshold': ''}, 'dimension2': ['9080 x 148 feet', '2768 x 45 meters'], 'slope': 0, 'properties': None}, {'id': '02/20', 'dimension': '6548x98', 'surface': {'type': 'hard', 'surface': 'asphalt', 'condition': 'Threshold of Runway 02 displaced 191 ft (58 m)', 'lighted': True}, 'alignment': None, 'number': ['02', '20'], 'length': 6548, 'width': '98', 'TORA': None, 'TODA': None, 'ASDA': '6548', 'LDA': None, '02': {'latlon': [51.56083333333333, 4.934166666666667], 'elevation': '48', 'heading': '017', 'displaced threshold': '663 Feet'}, '20': {'latlon': [51.57527777777778, 4.947500000000001], 'elevation': '36', 'heading': '197', 'displaced threshold': ''}, 'dimension2': ['6548 x 98 feet', '1996 x 30 meters'], 'slope': 0, 'properties': None}];Gilze-Rijen(Ab);51.5664;;Netherlands;EHGR;3.0;0.0;L;4.9389;ARP;Intl;NB;Europe/Amsterdam;military;North Brabant;0.0;739.0;Breda (EHGR);NL;;;49.0;True;True;True;;;['121.680'];['125.330'];['123.580'];;;AMSTERDAM INFORMATION;['124.300', '128.500'];DUTCH MILL INFO;['132.350'];https://aviationweather.gov/api/data/airport?ids=EHGR&format=json;https://en.wikipedia.org/wiki/Gilze-Rijen_Air_Base;http://www.defensie.nl/luchtmacht/luchtmachtbases/gilze-rijen/;;;;True;;;;['132.350'];['Dutch MIL Info']
;Hoogeveen;;;;;;;[{'id': '9/27', 'dimension': '', 'surface': {'type': 'soft', 'surface': 'grass', 'condition': None}, 'alignment': None, 'number': ['9', '27'], 'length': 3543, 'width': '', 'TORA': None, 'TODA': None, 'ASDA': '3543', 'LDA': None, '9': {'latlon': [52.7308006287, 6.5161099434], 'elevation': 40.0, 'heading': '9', 'displaced threshold': None}, '27': {'latlon': [52.7308006287, 6.5161099434], 'elevation': 40.0, 'heading': '27', 'displaced threshold': None}, 'slope': 0, 'properties': None}, {'id': '09/27', 'dimension': '3904x79', 'surface': {'type': 'soft', 'surface': 'grass', 'condition': '', 'lighted': False}, 'alignment': None, 'number': ['09', '27'], 'length': 3904, 'width': 79, 'TORA': None, 'TODA': None, 'ASDA': '', 'LDA': None, '': {'latlon': [None, None], 'elevation': None, 'heading': '', 'displaced threshold': None}, 'dimension2': ['3904 x 79 feet', '1190 x 24 meters'], 'slope': None, 'properties': None}];Hoogeveen Airport;52.7308006287;;Netherlands;EHHO;;;;6.5161099434;;;;Europe/Amsterdam;public;Drenthe;;;Hoogeveen (EHHO);NL;;;40.0;False;False;False;['127.355'];;;;;;;AMSTERDAM INFORMATION;['124.300', '128.500'];DUTCH MILL INFO;['132.350'];;https://en.wikipedia.org/wiki/Hoogeveen_Airport;http://www.vliegveldhoogeveen.nl/;https://geohack.toolforge.org/geohack.php?pagename=Hoogeveen_Airport&params=52_43_51_N_006_30_58_E_type:airport_region:NL;https://upload.wikimedia.org/wikipedia/commons/b/b8/EHHVoverview.jpg;;False;;;;['132.350'];['Dutch MIL Info']
;Hilversum;;;;;;;[{'id': '07/25', 'dimension': '1969x164', 'surface': {'type': 'soft', 'surface': 'grass', 'condition': '', 'lighted': False}, 'alignment': None, 'number': ['07', '25'], 'length': 1969, 'width': 164, 'TORA': None, 'TODA': None, 'ASDA': '', 'LDA': None, '': {'latlon': [None, None], 'elevation': None, 'heading': '', 'displaced threshold': None}, 'dimension2': ['1969 x 164 feet', '600 x 50 meters'], 'slope': None, 'properties': None}, {'id': '12/30', 'dimension': '2165x164', 'surface': {'type': 'soft', 'surface': 'grass', 'condition': '', 'lighted': False}, 'alignment': None, 'number': ['12', '30'], 'length': 2165, 'width': 164, 'TORA': None, 'TODA': None, 'ASDA': '', 'LDA': None, '': {'latlon': [None, None], 'elevation': None, 'heading': '', 'displaced threshold': None}, 'dimension2': ['2165 x 164 feet', '660 x 50 meters'], 'slope': None, 'properties': None}, {'id': '18/36', 'dimension': '2297x164', 'surface': {'type': 'soft', 'surface': 'grass', 'condition': '', 'lighted': False}, 'alignment': None, 'number': ['18', '36'], 'length': 2297, 'width': 164, 'TORA': None, 'TODA': None, 'ASDA': '', 'LDA': None, '': {'latlon': [None, None], 'elevation': None, 'heading': '', 'displaced threshold': None}, 'dimension2': ['2297 x 164 feet', '700 x 50 meters'], 'slope': None, 'properties': None}];Hilversum Airport;52.1918983459;;Netherlands;EHHV;;;;5.1469402313;;;;Europe/Amsterdam;public;North Holland;;;Hilversum (EHHV);NL;;;3.0;False;False;False;['131.030'];;;;;;;AMSTERDAM INFORMATION;['124.300', '128.500'];DUTCH MILL INFO;['132.350'];;https://en.wikipedia.org/wiki/Hilversum_Airport;http://www.ehhv.nl/;;;;False;;;;['124.300', '132.350'];['Amsterdam Information', 'Dutch MIL Info']
;Den Helder;;DHR;1.0;;6235.0;Den Helder Arpt;[{'id': '03/21', 'dimension': '4183x98', 'surface': {'type': 'hard', 'surface': 'asphalt', 'condition': 'Threshold of Runway 03 displaced 804 ft (245 m)', 'lighted': True}, 'alignment': '032', 'number': ['03', '21'], 'length': 4183, 'width': '98', 'TORA': None, 'TODA': None, 'ASDA': '4183', 'LDA': None, '03': {'latlon': [52.92194444444444, 4.783055555555555], 'elevation': '3', 'heading': '032', 'displaced threshold': '456 Feet'}, '21': {'latlon': [52.93277777777777, 4.784166666666667], 'elevation': '2', 'heading': '212', 'displaced threshold': '807 Feet'}, 'dimension2': ['4183 x 98 feet', '1275 x 30 meters'], 'slope': 0, 'properties': None}];Den Helder Airport;52.9229;;Netherlands;EHKD;4.0;0.0;M;4.7802;ARP;Intl;NH;Europe/Amsterdam;military;North Holland;0.0;740.0;Den Helder (EHKD);NL;;military/ public;3.0;True;True;True;;['133.010'];['121.730'];['120.130'];['124.230'];;;AMSTERDAM INFORMATION;['124.300', '128.500'];DUTCH MILL INFO;['132.350'];https://aviationweather.gov/api/data/airport?ids=EHKD&format=json;https://en.wikipedia.org/wiki/De_Kooy_Airfield;https://web.archive.org/web/20071014023234/http://denhelderairport.nl/index.php?lan=en;https://geohack.toolforge.org/geohack.php?pagename=De_Kooy_Airfield&params=52_55_25_N_004_46_50_E_region:NL_type:airport;https://upload.wikimedia.org/wikipedia/commons/e/e1/Vliegveld_De_Kooy-Helikopters.jpg;;True;;;;['132.350'];['Dutch MIL Info']
;Lelystad;;LEY;1.0;;6269.0;Lelystad Arpt;[{'id': '05/23', 'dimension': '8858x148', 'surface': {'type': 'hard', 'surface': 'asphalt', 'condition': '', 'lighted': True}, 'alignment': '046', 'number': ['05', '23'], 'length': 8858, 'width': '148', 'TORA': None, 'TODA': None, 'ASDA': '8858', 'LDA': None, '05': {'latlon': [52.455555555555556, 5.504722222222222], 'elevation': '-13', 'heading': '046', 'displaced threshold': '984 Feet'}, '23': {'latlon': [52.46555555555556, 5.531666666666666], 'elevation': '-12', 'heading': '226', 'displaced threshold': '984 Feet'}, 'dimension2': ['8858 x 148 feet', '2700 x 45 meters'], 'slope': 0, 'properties': None}, {'id': '05L/23R', 'dimension': '4495x98', 'surface': {'type': 'soft', 'surface': 'grass', 'condition': '', 'lighted': False}, 'alignment': None, 'number': ['05L', '23R'], 'length': 4495, 'width': 98, 'TORA': None, 'TODA': None, 'ASDA': '', 'LDA': None, '': {'latlon': [None, None], 'elevation': None, 'heading': '', 'displaced threshold': None}, 'dimension2': ['4495 x 98 feet', '1370 x 30 meters'], 'slope': None, 'properties': None}];Lelystad Airport;52.453;;Netherlands;EHLE;4.0;0.0;L;5.5145;ARP;Intl;FL;Europe/Amsterdam;public;Flevoland;0.0;741.0;Lelystad (EHLE);NL;;;-13.0;True;True;True;;['120.730'];['123.680'];['135.180'];['124.530', '134.530'];;;;['124.300', '264.325'];;;https://aviationweather.gov/api/data/airport?ids=EHLE&format=json;https://en.wikipedia.org/wiki/Lelystad_Airport;https://www.lelystadairport.nl/;;;;True;;;;['132.350'];['Dutch MIL Info']
;Leeuwarden;;LWR;2.0;;6270.0;Leeuwarden Arpt(AB);[{'id': '05/23', 'dimension': '8045x164', 'surface': {'type': 'hard', 'surface': 'asphalt', 'condition': 'Threshold of Runway 05 displaced 847 ft (258 m)', 'lighted': True}, 'alignment': '054', 'number': ['05', '23'], 'length': 8045, 'width': '164', 'TORA': None, 'TODA': None, 'ASDA': '8045', 'LDA': None, '05': {'latlon': [53.22083333333334, 5.740833333333334], 'elevation': '4', 'heading': '054', 'displaced threshold': '9 Feet'}, '23': {'latlon': [53.24111111111111, 5.767777777777778], 'elevation': '4', 'heading': '234', 'displaced threshold': '182 Feet'}, 'dimension2': ['8045 x 164 feet', '2452 x 50 meters'], 'slope': 0, 'properties': None}, {'id': '09/27', 'dimension': '6561x164', 'surface': {'type': 'hard', 'surface': 'asphalt', 'condition': 'Threshold of Runway 09 displaced 195 ft (59 m)', 'lighted': True}, 'alignment': '089', 'number': ['09', '27'], 'length': 6561, 'width': '164', 'TORA': None, 'TODA': None, 'ASDA': '6561', 'LDA': None, '09': {'latlon': [53.23638888888889, 5.745555555555556], 'elevation': '3', 'heading': '089', 'displaced threshold': '193 Feet'}, '27': {'latlon': [53.23638888888889, 5.7716666666666665], 'elevation': '3', 'heading': '269', 'displaced threshold': ''}, 'dimension2': ['6561 x 164 feet', '2000 x 50 meters'], 'slope': 0, 'properties': None}];Leeuwarden Airport(Ab);53.226;;Netherlands;EHLW;4.0;0.0;M;5.7556;ARP;Intl;FR;Europe/Amsterdam;military;Friesland;0.0;742.0;Leeuwarden (EHLW);NL;;;3.0;True;True;True;;;;['120.705'];['132.030'];;;AMSTERDAM INFORMATION;['124.300', '128.500'];DUTCH MILL INFO;['132.350'];https://aviationweather.gov/api/data/airport?ids=EHLW&format=json;https://en.wikipedia.org/wiki/Leeuwarden_Air_Base;http://www.defensie.nl/luchtmacht/luchtmachtbases/leeuwarden/;;;;True;;;;[];[]
;Midden Zeeland;;;;;;;[{'id': '09/27', 'dimension': '3281x99', 'surface': {'type': 'soft', 'surface': 'grass', 'condition': '', 'lighted': False}, 'alignment': None, 'number': ['09', '27'], 'length': 3281, 'width': 99, 'TORA': None, 'TODA': None, 'ASDA': '3281', 'LDA': None, '09': {'latlon': [51.5121994019, 3.731110096], 'elevation': 6.0, 'heading': '09', 'displaced threshold': None}, '27': {'latlon': [51.5121994019, 3.731110096], 'elevation': 6.0, 'heading': '27', 'displaced threshold': None}, 'slope': 0, 'properties': None, 'dimension2': ['3281 x 99 feet', '1000 x 30 meters']}];Midden-Zeeland Airport;51.5121994019;;Netherlands;EHMZ;;;;3.731110096;;;;Europe/Amsterdam;public;Zeeland;;;Midden Zeeland (EHMZ);NL;;;6.0;False;False;False;['119.255'];;;;;;;AMSTERDAM INFORMATION;['124.300', '128.500'];DUTCH MILL INFO;['132.350'];;https://en.wikipedia.org/wiki/Midden-Zeeland_Airport;http://www.vliegveldzeeland.nl/;https://geohack.toolforge.org/geohack.php?pagename=Midden-Zeeland_Airport&params=51_30_44_N_003_43_52_E_type:airport_region:NL;https://upload.wikimedia.org/wikipedia/commons/c/c6/Vliegveld_Midden-Zeeland.jpg;;False;;;;['124.300', '132.350'];['Amsterdam Information', 'Dutch MIL Info']
;Oostwold;;;;;;;[{'id': '07/25', 'dimension': '', 'surface': {'type': 'soft', 'surface': 'grass', 'condition': None}, 'alignment': None, 'number': ['07', '25'], 'length': 2887, 'width': '', 'TORA': None, 'TODA': None, 'ASDA': '2887', 'LDA': None, '07': {'latlon': [53.2097583333, 7.0365194444], 'elevation': 3.0, 'heading': '07', 'displaced threshold': None}, '25': {'latlon': [53.2097583333, 7.0365194444], 'elevation': 3.0, 'heading': '25', 'displaced threshold': None}, 'slope': 0, 'properties': 'Grass partial concrete'}, {'id': '06/24', 'dimension': '2625x66', 'surface': {'type': 'hard', 'surface': 'asphalt', 'condition': '', 'lighted': False}, 'alignment': None, 'number': ['06', '24'], 'length': 2625, 'width': 66, 'TORA': None, 'TODA': None, 'ASDA': '', 'LDA': None, '': {'latlon': [None, None], 'elevation': None, 'heading': '', 'displaced threshold': None}, 'dimension2': ['2625 x 66 feet', '800 x 20 meters'], 'slope': None, 'properties': None}];Oostwold Airport;53.2097583333;;Netherlands;EHOW;;;;7.0365194444;;;;Europe/Amsterdam;private;Groningen;;;Oostwold (EHOW);NL;;;3.0;False;False;False;;;;['118.705'];['120.305'];;;AMSTERDAM INFORMATION;['124.300', '128.500'];DUTCH MILL INFO;['132.350'];;https://en.wikipedia.org/wiki/Oostwold_Airfield;http://www.oostwold-airport.nl/;https://geohack.toolforge.org/geohack.php?pagename=Oostwold_Airfield&params=53_12_29_N_007_01_54_E_region:NL_type:airport_scale:10000;https://upload.wikimedia.org/wikipedia/commons/2/2d/Oostwold_Airport.jpg;;False;;;;[];[]
;Rotterdam;;RTM;2.0;;6344.0;Rotterdam/The Hague Arpt;[{'id': '06/24', 'dimension': '7218x148', 'surface': {'type': 'hard', 'surface': 'asphalt', 'condition': 'Threshold of Runway 06 displaced 656 ft (200 m)', 'lighted': True}, 'alignment': None, 'number': ['06', '24'], 'length': 7218, 'width': '148', 'TORA': None, 'TODA': None, 'ASDA': '7218', 'LDA': None, '06': {'latlon': [51.955000000000005, 4.44], 'elevation': '-14', 'heading': '056', 'displaced threshold': '640 Feet'}, '24': {'latlon': [51.969722222222224, 4.454444444444444], 'elevation': '-15', 'heading': '236', 'displaced threshold': '646 Feet'}, 'dimension2': ['7218 x 148 feet', '2200 x 45 meters'], 'slope': 0, 'properties': None}];Rotterdam/The Hague Airport;51.9565;;Netherlands;EHRD;4.0;0.0;M;4.4411;ARP;Intl;ZH;Europe/Amsterdam;public;South Holland;0.0;743.0;Rotterdam (EHRD);NL;;;-15.0;True;True;True;;['128.565'];['122.180'];['118.205'];['122.990'];['123.100', '282.800'];010-4460821;AMSTERDAM INFORMATION;['124.300', '128.500'];DUTCH MILL INFO;['132.350'];https://aviationweather.gov/api/data/airport?ids=EHRD&format=json;https://en.wikipedia.org/wiki/Rotterdam_The_Hague_Airport;http://www.rotterdamthehagueairport.nl/en;https://geohack.toolforge.org/geohack.php?pagename=Rotterdam_The_Hague_Airport&params=51_57_25_N_04_26_25_E_type:airport_region:NL;https://upload.wikimedia.org/wikipedia/commons/1/19/2010-05-16-rotterdam-by-RalfR-02.jpg;;True;;;;['124.300'];['Amsterdam Information']
;Seppe;;;;;;;[{'id': '06/24', 'dimension': '2723x75', 'surface': {'type': 'hard', 'surface': 'asphalt', 'condition': '', 'lighted': False}, 'alignment': None, 'number': ['06', '24'], 'length': 2723, 'width': 75, 'TORA': None, 'TODA': None, 'ASDA': '2723', 'LDA': None, '06': {'latlon': [51.55638888888888, 4.559444444444444], 'elevation': '30', 'heading': '065', 'displaced threshold': '256 Feet'}, '24': {'latlon': [51.56027777777778, 4.563055555555556], 'elevation': '30', 'heading': '245', 'displaced threshold': '249 Feet'}, 'dimension2': ['2723 x 75 feet', '830 x 23 meters'], 'slope': 0, 'properties': None}];Seppe Airport;51.5546989441;;Netherlands;EHSE;;;;4.5524997711;;;;Europe/Amsterdam;public;North Brabant;;;Seppe (EHSE);NL;;;30.0;False;False;False;['120.655'];;;;;;;AMSTERDAM INFORMATION;['124.300', '128.500'];DUTCH MILL INFO;['132.350'];;https://en.wikipedia.org/wiki/Seppe_Hoeven_Airfield;https://www.breda-airport.eu/;https://geohack.toolforge.org/geohack.php?pagename=Seppe_Hoeven_Airfield&params=51_33_17_N_004_33_09_E_region:NL_type:airport;https://upload.wikimedia.org/wikipedia/commons/b/bd/Seppe.jpg;;False;;;;['132.350'];['Dutch MIL Info']
;Stadskanaal;;;;;;;[{'id': '06/24', 'dimension': '1639x99', 'surface': {'type': 'soft', 'surface': 'grass', 'condition': '', 'lighted': False}, 'alignment': None, 'number': ['06', '24'], 'length': 984, 'width': 99, 'TORA': None, 'TODA': None, 'ASDA': '984', 'LDA': None, '06': {'latlon': [52.9986000061, 7.0227799416], 'elevation': 14.0, 'heading': '06', 'displaced threshold': None}, '24': {'latlon': [52.9986000061, 7.0227799416], 'elevation': 14.0, 'heading': '24', 'displaced threshold': None}, 'slope': 0, 'properties': None, 'dimension2': ['1639 x 99 feet', '500 x 30 meters']}];Stadskanaal Airport;52.9986000061;;Netherlands;EHST;;;;7.0227799416;;;;Europe/Amsterdam;public;Groningen;;;Stadskanaal (EHST);NL;;;14.0;False;False;False;;;;;;;;AMSTERDAM INFORMATION;['124.300', '128.500'];DUTCH MILL INFO;['132.350'];;https://en.wikipedia.org/wiki/Stadskanaal_Airfield;[];https://geohack.toolforge.org/geohack.php?pagename=Stadskanaal_Airfield&params=52_59_55_N_007_01_22_E_type:airport_region:NL;;;False;;;;['120.305'];['Eelde Approach']
;Deventer;;;;;;;[{'id': '08/26', 'dimension': '3934x88', 'surface': {'type': 'hard', 'surface': 'asphalt', 'condition': 'Threshold of Runway 08 displaced 26 ft (8 m)', 'lighted': True}, 'alignment': None, 'number': ['08', '26'], 'length': 3934, 'width': 88, 'TORA': None, 'TODA': None, 'ASDA': '3934', 'LDA': None, '08': {'latlon': [52.24861111111111, 6.0472222222222225], 'elevation': '16', 'heading': '084', 'displaced threshold': None}, '26': {'latlon': [52.249722222222225, 6.0649999999999995], 'elevation': '15', 'heading': '264', 'displaced threshold': None}, 'dimension2': ['3934 x 89 feet', '1199 x 27 meters'], 'slope': 0, 'properties': 'Concrete/Asphalt'}, {'id': '03/21', 'dimension': '2297x98', 'surface': {'type': 'soft', 'surface': 'grass', 'condition': '', 'lighted': False}, 'alignment': None, 'number': ['03', '21'], 'length': 2297, 'width': 98, 'TORA': None, 'TODA': None, 'ASDA': '', 'LDA': None, '': {'latlon': [None, None], 'elevation': None, 'heading': '', 'displaced threshold': None}, 'dimension2': ['2297 x 98 feet', '700 x 30 meters'], 'slope': None, 'properties': None}];Teuge Airport;52.2447013855;;Netherlands;EHTE;;;;6.04666996;;;;Europe/Amsterdam;public;Gelderland;;;Deventer (EHTE);NL;;;17.0;False;False;False;['121.005'];;;;;;;AMSTERDAM INFORMATION;['124.300', '128.500'];DUTCH MILL INFO;['132.350'];;https://en.wikipedia.org/wiki/Teuge_Airfield;http://www.teuge-airport.nl/;https://geohack.toolforge.org/geohack.php?pagename=Teuge_Airfield&params=52_14_41_N_006_02_48_E_region:NL_type:airport;;;False;;;;['132.350'];['Dutch MIL Info']
;Terlet;;;;;;;[{'id': '12/30', 'dimension': '3600x560', 'surface': {'type': 'soft', 'surface': 'grass', 'condition': '', 'lighted': False}, 'alignment': None, 'number': ['12', '30'], 'length': 3600, 'width': 560, 'TORA': None, 'TODA': None, 'ASDA': '-', 'LDA': None, '12': {'latlon': [52.0572013855, 5.9244399071], 'elevation': 276.0, 'heading': '12', 'displaced threshold': None}, '30': {'latlon': [52.0572013855, 5.9244399071], 'elevation': 276.0, 'heading': '30', 'displaced threshold': None}, 'slope': None, 'properties': None, 'dimension2': ['3600 x 560 feet', '1097 x 171 meters']}, {'id': '04C/22C', 'dimension': '4101x699', 'surface': {'type': 'soft', 'surface': 'grass', 'condition': '', 'lighted': False}, 'alignment': None, 'number': ['04C', '22C'], 'length': 4101, 'width': 699, 'TORA': None, 'TODA': None, 'ASDA': '', 'LDA': None, '': {'latlon': [None, None], 'elevation': None, 'heading': '', 'displaced threshold': None}, 'dimension2': ['4101 x 699 feet', '1250 x 213 meters'], 'slope': None, 'properties': None}, {'id': '04L/22R', 'dimension': '4000x500', 'surface': {'type': 'soft', 'surface': 'grass', 'condition': '', 'lighted': False}, 'alignment': None, 'number': ['04L', '22R'], 'length': 4000, 'width': 500, 'TORA': None, 'TODA': None, 'ASDA': '', 'LDA': None, '': {'latlon': [None, None], 'elevation': None, 'heading': '', 'displaced threshold': None}, 'dimension2': ['4000 x 500 feet', '1219 x 152 meters'], 'slope': None, 'properties': None}, {'id': '04R/22L', 'dimension': '4100x700', 'surface': {'type': 'soft', 'surface': 'grass', 'condition': '', 'lighted': False}, 'alignment': None, 'number': ['04R', '22L'], 'length': 4100, 'width': 700, 'TORA': None, 'TODA': None, 'ASDA': '', 'LDA': None, '': {'latlon': [None, None], 'elevation': None, 'heading': '', 'displaced threshold': None}, 'dimension2': ['4100 x 700 feet', '1250 x 213 meters'], 'slope': None, 'properties': None}, {'id': '14L/32R', 'dimension': '4500x910', 'surface': {'type': 'soft', 'surface': 'grass', 'condition': '', 'lighted': False}, 'alignment': None, 'number': ['14L', '32R'], 'length': 4500, 'width': 910, 'TORA': None, 'TODA': None, 'ASDA': '', 'LDA': None, '': {'latlon': [None, None], 'elevation': None, 'heading': '', 'displaced threshold': None}, 'dimension2': ['4500 x 910 feet', '1372 x 277 meters'], 'slope': None, 'properties': None}, {'id': '14R/32L', 'dimension': '4500x910', 'surface': {'type': 'soft', 'surface': 'grass', 'condition': '', 'lighted': False}, 'alignment': None, 'number': ['14R', '32L'], 'length': 4500, 'width': 910, 'TORA': None, 'TODA': None, 'ASDA': '', 'LDA': None, '': {'latlon': [None, None], 'elevation': None, 'heading': '', 'displaced threshold': None}, 'dimension2': ['4500 x 910 feet', '1372 x 277 meters'], 'slope': None, 'properties': None}];Terlet Airport;52.0572013855;;Netherlands;EHTL;;;;5.9244399071;;;;Europe/Amsterdam;public;Gelderland;;;Terlet (EHTL);NL;;;276.0;False;False;False;['123.380'];;;['129.930'];;;;AMSTERDAM INFORMATION;['124.300', '128.500'];DUTCH MILL INFO;['132.350'];;https://en.wikipedia.org/wiki/Terlet_Airfield;http://www.terlet.nl;https://geohack.toolforge.org/geohack.php?pagename=Terlet_Airfield&params=52_03_26_N_005_55_28_E_type:airport_region:NL;;;False;;;;['132.350'];['Dutch MIL Info']
;Enschede;;ENS;;;6290.0;Twente(AB);[{'id': '05/23', 'dimension': '9801x148', 'surface': {'type': 'hard', 'surface': 'asphalt', 'condition': 'Threshold of Runway 05 displaced 935 ft (285 m)', 'lighted': True}, 'alignment': None, 'number': ['05', '23'], 'length': 7894, 'width': 148, 'TORA': None, 'TODA': None, 'ASDA': '7894', 'LDA': None, '05': {'latlon': [52.27166666666667, 6.880000000000001], 'elevation': '99', 'heading': '053', 'displaced threshold': None}, '23': {'latlon': [52.29222222222222, 6.905833333333334], 'elevation': '114', 'heading': '233', 'displaced threshold': None}, 'dimension2': ['7894 x 148 feet', '2406 x 45 meters'], 'slope': 0, 'properties': None}, {'id': '11/29', 'dimension': '6558x82', 'surface': {'type': 'hard', 'surface': 'asphalt', 'condition': 'Threshold of Runway 11 displaced 792 ft (241 m)', 'lighted': False}, 'alignment': None, 'number': ['11', '29'], 'length': 6558, 'width': 82, 'TORA': None, 'TODA': None, 'ASDA': '', 'LDA': None, '': {'latlon': [None, None], 'elevation': None, 'heading': '', 'displaced threshold': None}, 'dimension2': ['6558 x 82 feet', '1999 x 25 meters'], 'slope': None, 'properties': None}];Twenthe Airport;52.2700004578;;Netherlands;EHTW;3.0;;;6.8741698265;;;OV;Europe/Amsterdam;public;Overijssel;;;Enschede (EHTW);NL;;;114.0;False;False;False;['132.355'];;;;;;;AMSTERDAM INFORMATION;['124.300', '128.500'];DUTCH MILL INFO;['132.350'];;https://en.wikipedia.org/wiki/Enschede_Airport_Twente;https://www.twente-airport.nl/;https://geohack.toolforge.org/geohack.php?pagename=Enschede_Airport_Twente&params=52_16_33_N_006_53_21_E_region:NL_type:airport;https://upload.wikimedia.org/wikipedia/commons/7/75/2018_KLM_Boeings_Vliegveld_Twente.jpg;;False;;;;[];[]
;Texel;;;;;;;[{'id': '04/22', 'dimension': '', 'surface': {'type': 'soft', 'surface': 'grass', 'condition': None}, 'alignment': None, 'number': ['04', '22'], 'length': 3685, 'width': '', 'TORA': None, 'TODA': None, 'ASDA': '3685', 'LDA': None, '04': {'latlon': [53.1152992249, 4.8336100578], 'elevation': 2.0, 'heading': '04', 'displaced threshold': None}, '22': {'latlon': [53.1152992249, 4.8336100578], 'elevation': 2.0, 'heading': '22', 'displaced threshold': None}, 'slope': 0, 'properties': None}, {'id': '13/31', 'dimension': '', 'surface': {'type': 'soft', 'surface': 'grass', 'condition': None}, 'alignment': None, 'number': ['13', '31'], 'length': 2066, 'width': '', 'TORA': None, 'TODA': None, 'ASDA': '2066', 'LDA': None, '13': {'latlon': [53.1152992249, 4.8336100578], 'elevation': 2.0, 'heading': '13', 'displaced threshold': None}, '31': {'latlon': [53.1152992249, 4.8336100578], 'elevation': 2.0, 'heading': '31', 'displaced threshold': None}, 'slope': 0, 'properties': None}, {'id': '03/21', 'dimension': '3637x131', 'surface': {'type': 'soft', 'surface': 'grass', 'condition': '', 'lighted': False}, 'alignment': None, 'number': ['03', '21'], 'length': 3637, 'width': 131, 'TORA': None, 'TODA': None, 'ASDA': '', 'LDA': None, '': {'latlon': [None, None], 'elevation': None, 'heading': '', 'displaced threshold': None}, 'dimension2': ['3637 x 131 feet', '1109 x 40 meters'], 'slope': None, 'properties': None}, {'id': '12/30', 'dimension': '2041x131', 'surface': {'type': 'soft', 'surface': 'grass', 'condition': '', 'lighted': False}, 'alignment': None, 'number': ['12', '30'], 'length': 2041, 'width': 131, 'TORA': None, 'TODA': None, 'ASDA': '', 'LDA': None, '': {'latlon': [None, None], 'elevation': None, 'heading': '', 'displaced threshold': None}, 'dimension2': ['2041 x 131 feet', '622 x 40 meters'], 'slope': None, 'properties': None}];Texel Airport;53.1152992249;;Netherlands;EHTX;;;;4.8336100578;;;;Europe/Amsterdam;public;North Holland;;;Texel (EHTX);NL;;;2.0;False;False;False;['119.305'];;['119.305'];['119.305'];;;;AMSTERDAM INFORMATION;['124.300', '128.500'];DUTCH MILL INFO;['132.350'];;https://en.wikipedia.org/wiki/Texel_International_Airport;http://www.texelairport.nl/;https://geohack.toolforge.org/geohack.php?pagename=Texel_International_Airport&params=53_06_55_N_004_50_01_E_type:airport_region:NL;https://upload.wikimedia.org/wikipedia/commons/4/41/Texel_Airport.jpg;;False;;;;['132.350'];['Dutch MIL Info']
;Uden;;UDE;2.0;;6375.0;Volkel Arpt(AFB);[{'id': '06R/24L', 'dimension': '9931x74', 'surface': {'type': 'hard', 'surface': 'asphalt', 'condition': 'Threshold of Runway 06R displaced 446 ft (136 m)', 'lighted': True}, 'alignment': '056', 'number': ['06R', '24L'], 'length': 9931, 'width': '74', 'TORA': None, 'TODA': None, 'ASDA': '9931', 'LDA': None, '06R': {'latlon': [51.659444444444446, 5.698611111111111], 'elevation': '73', 'heading': '056', 'displaced threshold': '435 Feet'}, '24L': {'latlon': [51.67027777777778, 5.732777777777778], 'elevation': '62', 'heading': '236', 'displaced threshold': '435 Feet'}, 'dimension2': ['9931 x 74 feet', '3027 x 23 meters'], 'slope': 0, 'properties': None}, {'id': '06L/24R', 'dimension': '9922x151', 'surface': {'type': 'hard', 'surface': 'asphalt', 'condition': 'Threshold of Runway 06L displaced 444 ft (135 m)', 'lighted': True}, 'alignment': '056', 'number': ['06L', '24R'], 'length': 9922, 'width': '151', 'TORA': None, 'TODA': None, 'ASDA': '9922', 'LDA': None, '06L': {'latlon': [51.651111111111106, 5.695833333333334], 'elevation': '72', 'heading': '056', 'displaced threshold': '440 Feet'}, '24R': {'latlon': [51.67305555555556, 5.730277777777778], 'elevation': '62', 'heading': '236', 'displaced threshold': '440 Feet'}, 'dimension2': ['9922 x 151 feet', '3024 x 46 meters'], 'slope': 0, 'properties': None}];Volkel Airport(Afb);51.656;;Netherlands;EHVK;4.0;0.0;L;5.7066;ARP;Intl;NB;Europe/Amsterdam;military;North Brabant;0.0;744.0;Uden (EHVK);NL;;military/ public;72.0;True;True;True;;;['38.677'];['122.100'];['122.100'];;;AMSTERDAM INFORMATION;['124.300', '128.500'];DUTCH MILL INFO;['132.350'];https://aviationweather.gov/api/data/airport?ids=EHVK&format=json;https://en.wikipedia.org/wiki/Volkel_Air_Base;http://www.defensie.nl/luchtmacht/luchtmachtbases/volkel/;;;;True;;;;['132.350'];['Dutch MIL Info']
;Bergen Op Zoom;;WOE;;;6340.0;Woensdrecht(AB);[{'id': '07/25', 'dimension': '8015x148', 'surface': {'type': 'hard', 'surface': 'asphalt', 'condition': '', 'lighted': True}, 'alignment': None, 'number': ['07', '25'], 'length': 8005, 'width': 148, 'TORA': None, 'TODA': None, 'ASDA': '8005', 'LDA': None, '07': {'latlon': [51.45305555555555, 4.331666666666666], 'elevation': '37', 'heading': '068', 'displaced threshold': None}, '25': {'latlon': [51.45472222222222, 4.364166666666667], 'elevation': '64', 'heading': '248', 'displaced threshold': None}, 'dimension2': ['8014 x 148 feet', '2443 x 45 meters'], 'slope': 0, 'properties': 'Concrete/asphalt'}];Woensdrecht Air Base;51.4491004944;;Netherlands;EHWO;6.0;;;4.3420300484;;;NB;Europe/Amsterdam;military;North Brabant;;;Bergen Op Zoom (EHWO);NL;;;63.0;False;False;False;;;['121.680'];['120.430'];['123.580'];;;AMSTERDAM INFORMATION;['124.300', '128.500'];DUTCH MILL INFO;['132.350'];;https://en.wikipedia.org/wiki/Woensdrecht_Air_Base;[];https://geohack.toolforge.org/geohack.php?pagename=Woensdrecht_Air_Base&params=51_26_56_N_004_20_30_E_region:NL_type:airport;;;True;;;;['132.350'];['Dutch MIL Info']
