code;country
ad;andorra
ae;united arab emirates
af;afghanistan
ar;argentina
ao;angola
al;albania
am;armenia
ao;angola
ar;argentina
za;south africa
at;austria
au;australia
cu;cuba
al;albania
az;azerbaijan
ba;bosnia and herzegovina
bd;bangladesh
bd;bangladesh
be;belgium
bf;burkina faso
bg;bulgaria
bh;bahrain
bi;burundi
bj;benin
it;italy
bn;brunei darussalam
bo;bolivia  plurinational state of
bi;burundi
ps;palestine  state of
br;brazil
pa;panama
bt;bhutan
bw;botswana
bw;botswana
by;belarus
bz;belize
ca;canada
gl;greenland
cd;congo  the democratic republic of the
cf;central african republic
kr;korea  republic of
ch;switzerland
ci;cote divoire
pl;poland
cl;chile
cm;cameroon
cn;china
co;colombia
cr;costa rica
cu;cuba
cv;cape verde
ec;ecuador
th;thailand
cy;cyprus
cz;czech republic
de;germany
dj;djibouti
dk;denmark
ro;romania
do;dominican republic
dz;algeria
ec;ecuador
eg;egypt
ee;estonia
eh;western sahara
er;eritrea
es;spain
et;ethiopia
fi;finland
ht;haiti
al;albania
ru;russian federation
fi;finland
fr;france
ga;gabon
gb;united kingdom
ge;georgia
gl;greenland
gf;french guiana
de;germany
gh;ghana
mt;malta
gl;greenland
gm;gambia
gn;guinea
gl;greenland
gt;guatemala
gq;equatorial guinea
gr;greece
nl;netherlands
gt;guatemala
gu;guam
gw;guinea-bissau
gy;guyana
hk;hong kong
sm;san marino
hn;honduras
hr;croatia
ht;haiti
hu;hungary
id;indonesia
ie;ireland
il;israel
om;oman
in;india
cf;central african republic
iq;iraq
ir;iran  islamic republic of
is;iceland
it;italy
tr;turkey
jm;jamaica
jo;jordan
jp;japan
nz;new zealand
ke;kenya
kg;kyrgyzstan
kh;cambodia
hr;croatia
ma;morocco
tj;tajikistan
ad;andorra
ls;lesotho
ls;lesotho
kw;kuwait
af;afghanistan
kz;kazakhstan
la;lao peoples democratic republic
lb;lebanon
aq;antarctica
li;liechtenstein
lk;sri lanka
lr;liberia
ls;lesotho
lt;lithuania
lu;luxembourg
lv;latvia
lr;liberia
ma;morocco
mc;monaco
md;moldova  republic of
mg;madagascar
me;montenegro
aq;antarctica
th;thailand
mk;macedonia  the former yugoslav republic of
ml;mali
mo;macao
mm;myanmar
mn;mongolia
nl;netherlands
mu;mauritius
mr;mauritania
sl;sierra leone
mt;malta
mu;mauritius
mv;maldives
mw;malawi
mx;mexico
my;malaysia
mz;mozambique
na;namibia
id;indonesia
ne;niger
fi;finland
ng;nigeria
ni;nicaragua
nl;netherlands
no;norway
np;nepal
mu;mauritius
ne;niger
nz;new zealand
om;oman
pa;panama
pe;peru
id;indonesia
pg;papua new guinea
ph;philippines
pk;pakistan
pl;poland
ch;switzerland
th;thailand
pr;puerto rico
ps;palestine  state of
pt;portugal
py;paraguay
py;paraguay
mt;malta
re;reunion
ro;romania
rs;serbia
at;austria
rw;rwanda
sa;saudi arabia
co;colombia
sc;seychelles
sd;sudan
se;sweden
sg;singapore
sh;saint helena  ascension and tristan da cunha
si;slovenia
al;albania
sk;slovakia
sl;sierra leone
sm;san marino
sn;senegal
so;somalia
sr;suriname
sd;sudan
st;sao tome and principe
sv;el salvador
sg;singapore
rs;serbia
sz;swaziland
tm;turkmenistan
td;chad
aq;antarctica
tg;togo
th;thailand
tj;tajikistan
by;belarus
tl;timor-leste
tm;turkmenistan
tn;tunisia
ee;estonia
tr;turkey
rw;rwanda
pt;portugal
tw;taiwan republic of china
tz;tanzania  united republic of
ua;ukraine
ug;uganda
th;thailand
pk;pakistan
th;thailand
ee;estonia
sz;swaziland
sz;swaziland
us;united states
uy;uruguay
uz;uzbekistan
va;holy see vatican city state
nl;netherlands
ve;venezuela  bolivarian republic of
nl;netherlands
fi;finland
vn;viet nam
gh;ghana
lt;lithuania
kh;cambodia
ye;yemen
yt;mayotte
za;south africa
zm;zambia
zw;zimbabwe
